{
	"city": "hillsborough_fl",
	"maxWorkplaceDistance": 50,
	"age": {
		"bins": ["0-4", "5-9", "10-14", "15-19", "20-24", "25-29", "30-34", "35-39", "40-44", "45-49", "50-54", "55-59", "60-64", "65-69", "70-74", "75-79", "80+"],
		"weights": [0.062721915, 0.063285096, 0.064111939, 0.078497312, 0.052122018, 0.043289, 0.1118389, 0.073079768, 0.065393161, 0.05248, 0.085992929, 0.0789511, 0.043631124, 0.023934784, 0.043504784, 0.019654, 0.037512039]
    },
	"householdSize": {
		"bins": ["1", "2", "3", "4", "5", "6", "7+"],
		"weights": [0.287801335, 0.335992577, 0.166509216, 0.127591409, 0.052978253, 0.018653289, 0.010473922]
	},
	"schoolsSize": {
		"bins": ["0-100", "100-200", "200-300", "300-400", "400-500", "500-600", "600-700", "700-800", "800-900", "900+"],
		"weights": [0.175903614, 0.069879518, 0.096385542, 0.05060241, 0.074698795, 0.084337349, 0.077108434, 0.110843373, 0.060240964, 0.2]
	}
}
